<?xml version="1.0" encoding="UTF-8"?>
<project-private xmlns="http://www.netbeans.org/ns/project-private/1">
    <editor-bookmarks xmlns="http://www.netbeans.org/ns/editor-bookmarks/2" lastBookmarkId="0"/>
    <open-files xmlns="http://www.netbeans.org/ns/projectui-open-files/2">
        <group>
            <file>file:/C:/Users/h3327/Documents/NetBeansProjects/Exercício%204%20-%20Completando%20as%20Quests%20de%20um%20RPG%20em%20Profundidade/src/exercício/pkg4/completando/as/quests/de/um/rpg/em/profundidade/DijkstraTraversal.java</file>
            <file>file:/C:/Users/h3327/Documents/NetBeansProjects/Exercício%204%20-%20Completando%20as%20Quests%20de%20um%20RPG%20em%20Profundidade/src/exercício/pkg4/completando/as/quests/de/um/rpg/em/profundidade/DigraphList.java</file>
            <file>file:/C:/Users/h3327/Documents/NetBeansProjects/Exercício%204%20-%20Completando%20as%20Quests%20de%20um%20RPG%20em%20Profundidade/src/exercício/pkg4/completando/as/quests/de/um/rpg/em/profundidade/BreadthFirstTraversal.java</file>
            <file>file:/C:/Users/h3327/Documents/NetBeansProjects/Exercício%204%20-%20Completando%20as%20Quests%20de%20um%20RPG%20em%20Profundidade/src/exercício/pkg4/completando/as/quests/de/um/rpg/em/profundidade/TraversalStrategy.java</file>
            <file>file:/C:/Users/h3327/Documents/NetBeansProjects/Exercício%204%20-%20Completando%20as%20Quests%20de%20um%20RPG%20em%20Profundidade/src/exercício/pkg4/completando/as/quests/de/um/rpg/em/profundidade/Exercício4CompletandoAsQuestsDeUmRPGEmProfundidade.java</file>
        </group>
    </open-files>
</project-private>
